[{"model": "contenttypes.contenttype", "pk": 1, "fields": {"app_label": "admin", "model": "logentry"}}, {"model": "contenttypes.contenttype", "pk": 2, "fields": {"app_label": "auth", "model": "permission"}}, {"model": "contenttypes.contenttype", "pk": 3, "fields": {"app_label": "auth", "model": "group"}}, {"model": "contenttypes.contenttype", "pk": 4, "fields": {"app_label": "contenttypes", "model": "contenttype"}}, {"model": "contenttypes.contenttype", "pk": 5, "fields": {"app_label": "sessions", "model": "session"}}, {"model": "contenttypes.contenttype", "pk": 6, "fields": {"app_label": "sites", "model": "site"}}, {"model": "contenttypes.contenttype", "pk": 7, "fields": {"app_label": "main", "model": "profile"}}, {"model": "contenttypes.contenttype", "pk": 8, "fields": {"app_label": "main", "model": "friendrequest"}}, {"model": "contenttypes.contenttype", "pk": 9, "fields": {"app_label": "home", "model": "post"}}, {"model": "contenttypes.contenttype", "pk": 10, "fields": {"app_label": "home", "model": "comment"}}, {"model": "contenttypes.contenttype", "pk": 11, "fields": {"app_label": "home", "model": "course"}}, {"model": "contenttypes.contenttype", "pk": 12, "fields": {"app_label": "home", "model": "images"}}, {"model": "contenttypes.contenttype", "pk": 13, "fields": {"app_label": "home", "model": "review"}}, {"model": "sessions.session", "pk": "2prf7ohfp6gp0z07ghn785ejaa1j77j0", "fields": {"session_data": "YWI4ZDM1YWNlZmIyZTE5ZmI2NTNhYzRiN2ExYjljNTQ4YzBhNzRiMDp7Il9hdXRoX3VzZXJfaWQiOiIxIiwiX2F1dGhfdXNlcl9iYWNrZW5kIjoiZGphbmdvLmNvbnRyaWIuYXV0aC5iYWNrZW5kcy5Nb2RlbEJhY2tlbmQiLCJfYXV0aF91c2VyX2hhc2giOiI2ZWZiNTYzYWRmOTgzYmQ5MjFhY2Q4YmRhYzFiYjlmYTc2YjAzYTI2In0=", "expire_date": "2020-05-14T17:59:49.144Z"}}, {"model": "sessions.session", "pk": "4p801s6oodpakbi424fridzg7v8nciq7", "fields": {"session_data": "YWI4ZDM1YWNlZmIyZTE5ZmI2NTNhYzRiN2ExYjljNTQ4YzBhNzRiMDp7Il9hdXRoX3VzZXJfaWQiOiIxIiwiX2F1dGhfdXNlcl9iYWNrZW5kIjoiZGphbmdvLmNvbnRyaWIuYXV0aC5iYWNrZW5kcy5Nb2RlbEJhY2tlbmQiLCJfYXV0aF91c2VyX2hhc2giOiI2ZWZiNTYzYWRmOTgzYmQ5MjFhY2Q4YmRhYzFiYjlmYTc2YjAzYTI2In0=", "expire_date": "2020-05-22T22:16:58.728Z"}}, {"model": "sessions.session", "pk": "5ge148he8pw2nr1zw8lx18cfddardwmx", "fields": {"session_data": "YWI4ZDM1YWNlZmIyZTE5ZmI2NTNhYzRiN2ExYjljNTQ4YzBhNzRiMDp7Il9hdXRoX3VzZXJfaWQiOiIxIiwiX2F1dGhfdXNlcl9iYWNrZW5kIjoiZGphbmdvLmNvbnRyaWIuYXV0aC5iYWNrZW5kcy5Nb2RlbEJhY2tlbmQiLCJfYXV0aF91c2VyX2hhc2giOiI2ZWZiNTYzYWRmOTgzYmQ5MjFhY2Q4YmRhYzFiYjlmYTc2YjAzYTI2In0=", "expire_date": "2020-05-14T17:58:39.528Z"}}, {"model": "sessions.session", "pk": "6ovzw5pb7fgbo7ioqnui6if7dluzre0q", "fields": {"session_data": "YWI4ZDM1YWNlZmIyZTE5ZmI2NTNhYzRiN2ExYjljNTQ4YzBhNzRiMDp7Il9hdXRoX3VzZXJfaWQiOiIxIiwiX2F1dGhfdXNlcl9iYWNrZW5kIjoiZGphbmdvLmNvbnRyaWIuYXV0aC5iYWNrZW5kcy5Nb2RlbEJhY2tlbmQiLCJfYXV0aF91c2VyX2hhc2giOiI2ZWZiNTYzYWRmOTgzYmQ5MjFhY2Q4YmRhYzFiYjlmYTc2YjAzYTI2In0=", "expire_date": "2020-04-23T03:17:43.078Z"}}, {"model": "sessions.session", "pk": "7wwhvr6z22j7htc3swx6x32xtxmpp4f4", "fields": {"session_data": "YWI4ZDM1YWNlZmIyZTE5ZmI2NTNhYzRiN2ExYjljNTQ4YzBhNzRiMDp7Il9hdXRoX3VzZXJfaWQiOiIxIiwiX2F1dGhfdXNlcl9iYWNrZW5kIjoiZGphbmdvLmNvbnRyaWIuYXV0aC5iYWNrZW5kcy5Nb2RlbEJhY2tlbmQiLCJfYXV0aF91c2VyX2hhc2giOiI2ZWZiNTYzYWRmOTgzYmQ5MjFhY2Q4YmRhYzFiYjlmYTc2YjAzYTI2In0=", "expire_date": "2020-04-17T17:20:01.936Z"}}, {"model": "sessions.session", "pk": "8v3lt2a4w71bdi2j9xrz4kim5muqzpcl", "fields": {"session_data": "YWI4ZDM1YWNlZmIyZTE5ZmI2NTNhYzRiN2ExYjljNTQ4YzBhNzRiMDp7Il9hdXRoX3VzZXJfaWQiOiIxIiwiX2F1dGhfdXNlcl9iYWNrZW5kIjoiZGphbmdvLmNvbnRyaWIuYXV0aC5iYWNrZW5kcy5Nb2RlbEJhY2tlbmQiLCJfYXV0aF91c2VyX2hhc2giOiI2ZWZiNTYzYWRmOTgzYmQ5MjFhY2Q4YmRhYzFiYjlmYTc2YjAzYTI2In0=", "expire_date": "2020-03-21T19:27:48.831Z"}}, {"model": "sessions.session", "pk": "9hu2ao8ktjtx35jbneziojxiozca7fz4", "fields": {"session_data": "YWI4ZDM1YWNlZmIyZTE5ZmI2NTNhYzRiN2ExYjljNTQ4YzBhNzRiMDp7Il9hdXRoX3VzZXJfaWQiOiIxIiwiX2F1dGhfdXNlcl9iYWNrZW5kIjoiZGphbmdvLmNvbnRyaWIuYXV0aC5iYWNrZW5kcy5Nb2RlbEJhY2tlbmQiLCJfYXV0aF91c2VyX2hhc2giOiI2ZWZiNTYzYWRmOTgzYmQ5MjFhY2Q4YmRhYzFiYjlmYTc2YjAzYTI2In0=", "expire_date": "2020-05-22T22:14:08.223Z"}}, {"model": "sessions.session", "pk": "csl9ksiv7w3pgk1wd2unml6se2fwmgya", "fields": {"session_data": "YWI4ZDM1YWNlZmIyZTE5ZmI2NTNhYzRiN2ExYjljNTQ4YzBhNzRiMDp7Il9hdXRoX3VzZXJfaWQiOiIxIiwiX2F1dGhfdXNlcl9iYWNrZW5kIjoiZGphbmdvLmNvbnRyaWIuYXV0aC5iYWNrZW5kcy5Nb2RlbEJhY2tlbmQiLCJfYXV0aF91c2VyX2hhc2giOiI2ZWZiNTYzYWRmOTgzYmQ5MjFhY2Q4YmRhYzFiYjlmYTc2YjAzYTI2In0=", "expire_date": "2020-05-14T18:30:55.778Z"}}, {"model": "sessions.session", "pk": "ctmuim0y4zrmi7f6t2rhz0zjv6qbr5qz", "fields": {"session_data": "YWI4ZDM1YWNlZmIyZTE5ZmI2NTNhYzRiN2ExYjljNTQ4YzBhNzRiMDp7Il9hdXRoX3VzZXJfaWQiOiIxIiwiX2F1dGhfdXNlcl9iYWNrZW5kIjoiZGphbmdvLmNvbnRyaWIuYXV0aC5iYWNrZW5kcy5Nb2RlbEJhY2tlbmQiLCJfYXV0aF91c2VyX2hhc2giOiI2ZWZiNTYzYWRmOTgzYmQ5MjFhY2Q4YmRhYzFiYjlmYTc2YjAzYTI2In0=", "expire_date": "2020-04-21T02:30:44.478Z"}}, {"model": "sessions.session", "pk": "hida9llfz4nlqllpfixzuwq1cgzr1zsn", "fields": {"session_data": "YWI4ZDM1YWNlZmIyZTE5ZmI2NTNhYzRiN2ExYjljNTQ4YzBhNzRiMDp7Il9hdXRoX3VzZXJfaWQiOiIxIiwiX2F1dGhfdXNlcl9iYWNrZW5kIjoiZGphbmdvLmNvbnRyaWIuYXV0aC5iYWNrZW5kcy5Nb2RlbEJhY2tlbmQiLCJfYXV0aF91c2VyX2hhc2giOiI2ZWZiNTYzYWRmOTgzYmQ5MjFhY2Q4YmRhYzFiYjlmYTc2YjAzYTI2In0=", "expire_date": "2020-05-20T02:42:53.891Z"}}, {"model": "sessions.session", "pk": "hz1dkze7643dgqfkul6neuahs1vvvdyz", "fields": {"session_data": "YWI4ZDM1YWNlZmIyZTE5ZmI2NTNhYzRiN2ExYjljNTQ4YzBhNzRiMDp7Il9hdXRoX3VzZXJfaWQiOiIxIiwiX2F1dGhfdXNlcl9iYWNrZW5kIjoiZGphbmdvLmNvbnRyaWIuYXV0aC5iYWNrZW5kcy5Nb2RlbEJhY2tlbmQiLCJfYXV0aF91c2VyX2hhc2giOiI2ZWZiNTYzYWRmOTgzYmQ5MjFhY2Q4YmRhYzFiYjlmYTc2YjAzYTI2In0=", "expire_date": "2020-05-21T23:38:09.522Z"}}, {"model": "sessions.session", "pk": "j3ccxyqn7f55q4bthbx0p0z95nzx06yy", "fields": {"session_data": "YWI4ZDM1YWNlZmIyZTE5ZmI2NTNhYzRiN2ExYjljNTQ4YzBhNzRiMDp7Il9hdXRoX3VzZXJfaWQiOiIxIiwiX2F1dGhfdXNlcl9iYWNrZW5kIjoiZGphbmdvLmNvbnRyaWIuYXV0aC5iYWNrZW5kcy5Nb2RlbEJhY2tlbmQiLCJfYXV0aF91c2VyX2hhc2giOiI2ZWZiNTYzYWRmOTgzYmQ5MjFhY2Q4YmRhYzFiYjlmYTc2YjAzYTI2In0=", "expire_date": "2020-04-14T02:27:04.419Z"}}, {"model": "sessions.session", "pk": "j5ukwbo5i0la4udq51xtyuywiihxrde9", "fields": {"session_data": "YWI4ZDM1YWNlZmIyZTE5ZmI2NTNhYzRiN2ExYjljNTQ4YzBhNzRiMDp7Il9hdXRoX3VzZXJfaWQiOiIxIiwiX2F1dGhfdXNlcl9iYWNrZW5kIjoiZGphbmdvLmNvbnRyaWIuYXV0aC5iYWNrZW5kcy5Nb2RlbEJhY2tlbmQiLCJfYXV0aF91c2VyX2hhc2giOiI2ZWZiNTYzYWRmOTgzYmQ5MjFhY2Q4YmRhYzFiYjlmYTc2YjAzYTI2In0=", "expire_date": "2020-04-18T02:41:33.584Z"}}, {"model": "sessions.session", "pk": "k4v7muiqgw78v3dg7afpn1cyekc48gql", "fields": {"session_data": "YWI4ZDM1YWNlZmIyZTE5ZmI2NTNhYzRiN2ExYjljNTQ4YzBhNzRiMDp7Il9hdXRoX3VzZXJfaWQiOiIxIiwiX2F1dGhfdXNlcl9iYWNrZW5kIjoiZGphbmdvLmNvbnRyaWIuYXV0aC5iYWNrZW5kcy5Nb2RlbEJhY2tlbmQiLCJfYXV0aF91c2VyX2hhc2giOiI2ZWZiNTYzYWRmOTgzYmQ5MjFhY2Q4YmRhYzFiYjlmYTc2YjAzYTI2In0=", "expire_date": "2020-04-04T19:32:14.823Z"}}, {"model": "sessions.session", "pk": "oud9qdh6mjluv7vr2zkouczb0xfsq09l", "fields": {"session_data": "YWI4ZDM1YWNlZmIyZTE5ZmI2NTNhYzRiN2ExYjljNTQ4YzBhNzRiMDp7Il9hdXRoX3VzZXJfaWQiOiIxIiwiX2F1dGhfdXNlcl9iYWNrZW5kIjoiZGphbmdvLmNvbnRyaWIuYXV0aC5iYWNrZW5kcy5Nb2RlbEJhY2tlbmQiLCJfYXV0aF91c2VyX2hhc2giOiI2ZWZiNTYzYWRmOTgzYmQ5MjFhY2Q4YmRhYzFiYjlmYTc2YjAzYTI2In0=", "expire_date": "2020-04-23T03:09:24.014Z"}}, {"model": "sessions.session", "pk": "ppv6w413bwbax3hqo227az7b6xsmm8vi", "fields": {"session_data": "YWI4ZDM1YWNlZmIyZTE5ZmI2NTNhYzRiN2ExYjljNTQ4YzBhNzRiMDp7Il9hdXRoX3VzZXJfaWQiOiIxIiwiX2F1dGhfdXNlcl9iYWNrZW5kIjoiZGphbmdvLmNvbnRyaWIuYXV0aC5iYWNrZW5kcy5Nb2RlbEJhY2tlbmQiLCJfYXV0aF91c2VyX2hhc2giOiI2ZWZiNTYzYWRmOTgzYmQ5MjFhY2Q4YmRhYzFiYjlmYTc2YjAzYTI2In0=", "expire_date": "2020-05-15T00:40:08.434Z"}}, {"model": "sessions.session", "pk": "sa91oi1ujb86sa9c00hut8bqgvmjzsc9", "fields": {"session_data": "YWI4ZDM1YWNlZmIyZTE5ZmI2NTNhYzRiN2ExYjljNTQ4YzBhNzRiMDp7Il9hdXRoX3VzZXJfaWQiOiIxIiwiX2F1dGhfdXNlcl9iYWNrZW5kIjoiZGphbmdvLmNvbnRyaWIuYXV0aC5iYWNrZW5kcy5Nb2RlbEJhY2tlbmQiLCJfYXV0aF91c2VyX2hhc2giOiI2ZWZiNTYzYWRmOTgzYmQ5MjFhY2Q4YmRhYzFiYjlmYTc2YjAzYTI2In0=", "expire_date": "2020-03-21T19:53:24.562Z"}}, {"model": "sessions.session", "pk": "sano2q1zvvee0djr9dtbwogd4uvocxf7", "fields": {"session_data": "YWI4ZDM1YWNlZmIyZTE5ZmI2NTNhYzRiN2ExYjljNTQ4YzBhNzRiMDp7Il9hdXRoX3VzZXJfaWQiOiIxIiwiX2F1dGhfdXNlcl9iYWNrZW5kIjoiZGphbmdvLmNvbnRyaWIuYXV0aC5iYWNrZW5kcy5Nb2RlbEJhY2tlbmQiLCJfYXV0aF91c2VyX2hhc2giOiI2ZWZiNTYzYWRmOTgzYmQ5MjFhY2Q4YmRhYzFiYjlmYTc2YjAzYTI2In0=", "expire_date": "2020-05-19T15:58:55.194Z"}}, {"model": "sessions.session", "pk": "soh5muxheyfq8ejk6bae3lh57urzylyv", "fields": {"session_data": "YWI4ZDM1YWNlZmIyZTE5ZmI2NTNhYzRiN2ExYjljNTQ4YzBhNzRiMDp7Il9hdXRoX3VzZXJfaWQiOiIxIiwiX2F1dGhfdXNlcl9iYWNrZW5kIjoiZGphbmdvLmNvbnRyaWIuYXV0aC5iYWNrZW5kcy5Nb2RlbEJhY2tlbmQiLCJfYXV0aF91c2VyX2hhc2giOiI2ZWZiNTYzYWRmOTgzYmQ5MjFhY2Q4YmRhYzFiYjlmYTc2YjAzYTI2In0=", "expire_date": "2020-04-23T18:58:02.932Z"}}, {"model": "sessions.session", "pk": "tivef6y4691xchsqsa853ef4zajr4sd8", "fields": {"session_data": "YWI4ZDM1YWNlZmIyZTE5ZmI2NTNhYzRiN2ExYjljNTQ4YzBhNzRiMDp7Il9hdXRoX3VzZXJfaWQiOiIxIiwiX2F1dGhfdXNlcl9iYWNrZW5kIjoiZGphbmdvLmNvbnRyaWIuYXV0aC5iYWNrZW5kcy5Nb2RlbEJhY2tlbmQiLCJfYXV0aF91c2VyX2hhc2giOiI2ZWZiNTYzYWRmOTgzYmQ5MjFhY2Q4YmRhYzFiYjlmYTc2YjAzYTI2In0=", "expire_date": "2020-04-18T14:08:37.054Z"}}, {"model": "sessions.session", "pk": "tln89yp1vzlfxw3axsn5s4fskbqh2qoa", "fields": {"session_data": "YWI4ZDM1YWNlZmIyZTE5ZmI2NTNhYzRiN2ExYjljNTQ4YzBhNzRiMDp7Il9hdXRoX3VzZXJfaWQiOiIxIiwiX2F1dGhfdXNlcl9iYWNrZW5kIjoiZGphbmdvLmNvbnRyaWIuYXV0aC5iYWNrZW5kcy5Nb2RlbEJhY2tlbmQiLCJfYXV0aF91c2VyX2hhc2giOiI2ZWZiNTYzYWRmOTgzYmQ5MjFhY2Q4YmRhYzFiYjlmYTc2YjAzYTI2In0=", "expire_date": "2020-05-14T16:31:20.118Z"}}, {"model": "sessions.session", "pk": "vc7m9cczav5fy0x1pavfhe8hkflbcerz", "fields": {"session_data": "YWI4ZDM1YWNlZmIyZTE5ZmI2NTNhYzRiN2ExYjljNTQ4YzBhNzRiMDp7Il9hdXRoX3VzZXJfaWQiOiIxIiwiX2F1dGhfdXNlcl9iYWNrZW5kIjoiZGphbmdvLmNvbnRyaWIuYXV0aC5iYWNrZW5kcy5Nb2RlbEJhY2tlbmQiLCJfYXV0aF91c2VyX2hhc2giOiI2ZWZiNTYzYWRmOTgzYmQ5MjFhY2Q4YmRhYzFiYjlmYTc2YjAzYTI2In0=", "expire_date": "2020-04-19T01:50:44.667Z"}}, {"model": "sessions.session", "pk": "vgp6v1uffj7dism4bzqrdzk54q1p9o2l", "fields": {"session_data": "YWI4ZDM1YWNlZmIyZTE5ZmI2NTNhYzRiN2ExYjljNTQ4YzBhNzRiMDp7Il9hdXRoX3VzZXJfaWQiOiIxIiwiX2F1dGhfdXNlcl9iYWNrZW5kIjoiZGphbmdvLmNvbnRyaWIuYXV0aC5iYWNrZW5kcy5Nb2RlbEJhY2tlbmQiLCJfYXV0aF91c2VyX2hhc2giOiI2ZWZiNTYzYWRmOTgzYmQ5MjFhY2Q4YmRhYzFiYjlmYTc2YjAzYTI2In0=", "expire_date": "2020-05-16T00:02:25.195Z"}}, {"model": "sessions.session", "pk": "wv1582h5odza371x5h67zr9lmikd40of", "fields": {"session_data": "YWI4ZDM1YWNlZmIyZTE5ZmI2NTNhYzRiN2ExYjljNTQ4YzBhNzRiMDp7Il9hdXRoX3VzZXJfaWQiOiIxIiwiX2F1dGhfdXNlcl9iYWNrZW5kIjoiZGphbmdvLmNvbnRyaWIuYXV0aC5iYWNrZW5kcy5Nb2RlbEJhY2tlbmQiLCJfYXV0aF91c2VyX2hhc2giOiI2ZWZiNTYzYWRmOTgzYmQ5MjFhY2Q4YmRhYzFiYjlmYTc2YjAzYTI2In0=", "expire_date": "2020-03-22T17:57:09.358Z"}}, {"model": "sessions.session", "pk": "x0rhlk13lajqevbym3tru2kwy7e78csa", "fields": {"session_data": "YWI4ZDM1YWNlZmIyZTE5ZmI2NTNhYzRiN2ExYjljNTQ4YzBhNzRiMDp7Il9hdXRoX3VzZXJfaWQiOiIxIiwiX2F1dGhfdXNlcl9iYWNrZW5kIjoiZGphbmdvLmNvbnRyaWIuYXV0aC5iYWNrZW5kcy5Nb2RlbEJhY2tlbmQiLCJfYXV0aF91c2VyX2hhc2giOiI2ZWZiNTYzYWRmOTgzYmQ5MjFhY2Q4YmRhYzFiYjlmYTc2YjAzYTI2In0=", "expire_date": "2020-04-18T21:30:28.526Z"}}, {"model": "sessions.session", "pk": "x356148o11dzjr896ddueojvkqfa4vew", "fields": {"session_data": "YWI4ZDM1YWNlZmIyZTE5ZmI2NTNhYzRiN2ExYjljNTQ4YzBhNzRiMDp7Il9hdXRoX3VzZXJfaWQiOiIxIiwiX2F1dGhfdXNlcl9iYWNrZW5kIjoiZGphbmdvLmNvbnRyaWIuYXV0aC5iYWNrZW5kcy5Nb2RlbEJhY2tlbmQiLCJfYXV0aF91c2VyX2hhc2giOiI2ZWZiNTYzYWRmOTgzYmQ5MjFhY2Q4YmRhYzFiYjlmYTc2YjAzYTI2In0=", "expire_date": "2020-05-14T16:22:41.235Z"}}, {"model": "sessions.session", "pk": "xvpegz5abvpw5igwks9d9hu0cqdloppt", "fields": {"session_data": "YWI4ZDM1YWNlZmIyZTE5ZmI2NTNhYzRiN2ExYjljNTQ4YzBhNzRiMDp7Il9hdXRoX3VzZXJfaWQiOiIxIiwiX2F1dGhfdXNlcl9iYWNrZW5kIjoiZGphbmdvLmNvbnRyaWIuYXV0aC5iYWNrZW5kcy5Nb2RlbEJhY2tlbmQiLCJfYXV0aF91c2VyX2hhc2giOiI2ZWZiNTYzYWRmOTgzYmQ5MjFhY2Q4YmRhYzFiYjlmYTc2YjAzYTI2In0=", "expire_date": "2020-04-20T06:17:07.429Z"}}, {"model": "sites.site", "pk": 1, "fields": {"domain": "example.com", "name": "example.com"}}, {"model": "home.images", "pk": 5, "fields": {"post": 80, "image": "media/post_images/0bf43d2d-9488-473f-a11e-a9c1a1c2599e.jpg", "date_added": "2020-05-01T19:29:48.009Z"}}, {"model": "home.images", "pk": 6, "fields": {"post": 81, "image": "media/post_images/4cfe1e32-4d7a-47f0-81f6-898c2d219494.jpg", "date_added": "2020-05-01T19:33:43.479Z"}}, {"model": "home.images", "pk": 7, "fields": {"post": 81, "image": "media/post_images/a779b285-616a-4559-8f2f-f3b35fb7627a.jpg", "date_added": "2020-05-01T19:33:43.491Z"}}, {"model": "home.images", "pk": 8, "fields": {"post": 82, "image": "media/post_images/417fd963-e400-41dd-81a2-5c603e1aae77.jpg", "date_added": "2020-05-01T19:37:48.278Z"}}, {"model": "auth.permission", "pk": 1, "fields": {"name": "Can add log entry", "content_type": 1, "codename": "add_logentry"}}, {"model": "auth.permission", "pk": 2, "fields": {"name": "Can change log entry", "content_type": 1, "codename": "change_logentry"}}, {"model": "auth.permission", "pk": 3, "fields": {"name": "Can delete log entry", "content_type": 1, "codename": "delete_logentry"}}, {"model": "auth.permission", "pk": 4, "fields": {"name": "Can view log entry", "content_type": 1, "codename": "view_logentry"}}, {"model": "auth.permission", "pk": 5, "fields": {"name": "Can add permission", "content_type": 2, "codename": "add_permission"}}, {"model": "auth.permission", "pk": 6, "fields": {"name": "Can change permission", "content_type": 2, "codename": "change_permission"}}, {"model": "auth.permission", "pk": 7, "fields": {"name": "Can delete permission", "content_type": 2, "codename": "delete_permission"}}, {"model": "auth.permission", "pk": 8, "fields": {"name": "Can view permission", "content_type": 2, "codename": "view_permission"}}, {"model": "auth.permission", "pk": 9, "fields": {"name": "Can add group", "content_type": 3, "codename": "add_group"}}, {"model": "auth.permission", "pk": 10, "fields": {"name": "Can change group", "content_type": 3, "codename": "change_group"}}, {"model": "auth.permission", "pk": 11, "fields": {"name": "Can delete group", "content_type": 3, "codename": "delete_group"}}, {"model": "auth.permission", "pk": 12, "fields": {"name": "Can view group", "content_type": 3, "codename": "view_group"}}, {"model": "auth.permission", "pk": 13, "fields": {"name": "Can add content type", "content_type": 4, "codename": "add_contenttype"}}, {"model": "auth.permission", "pk": 14, "fields": {"name": "Can change content type", "content_type": 4, "codename": "change_contenttype"}}, {"model": "auth.permission", "pk": 15, "fields": {"name": "Can delete content type", "content_type": 4, "codename": "delete_contenttype"}}, {"model": "auth.permission", "pk": 16, "fields": {"name": "Can view content type", "content_type": 4, "codename": "view_contenttype"}}, {"model": "auth.permission", "pk": 17, "fields": {"name": "Can add session", "content_type": 5, "codename": "add_session"}}, {"model": "auth.permission", "pk": 18, "fields": {"name": "Can change session", "content_type": 5, "codename": "change_session"}}, {"model": "auth.permission", "pk": 19, "fields": {"name": "Can delete session", "content_type": 5, "codename": "delete_session"}}, {"model": "auth.permission", "pk": 20, "fields": {"name": "Can view session", "content_type": 5, "codename": "view_session"}}, {"model": "auth.permission", "pk": 21, "fields": {"name": "Can add site", "content_type": 6, "codename": "add_site"}}, {"model": "auth.permission", "pk": 22, "fields": {"name": "Can change site", "content_type": 6, "codename": "change_site"}}, {"model": "auth.permission", "pk": 23, "fields": {"name": "Can delete site", "content_type": 6, "codename": "delete_site"}}, {"model": "auth.permission", "pk": 24, "fields": {"name": "Can view site", "content_type": 6, "codename": "view_site"}}, {"model": "auth.permission", "pk": 25, "fields": {"name": "Can add user", "content_type": 7, "codename": "add_profile"}}, {"model": "auth.permission", "pk": 26, "fields": {"name": "Can change user", "content_type": 7, "codename": "change_profile"}}, {"model": "auth.permission", "pk": 27, "fields": {"name": "Can delete user", "content_type": 7, "codename": "delete_profile"}}, {"model": "auth.permission", "pk": 28, "fields": {"name": "Can view user", "content_type": 7, "codename": "view_profile"}}, {"model": "auth.permission", "pk": 29, "fields": {"name": "Can add friend request", "content_type": 8, "codename": "add_friendrequest"}}, {"model": "auth.permission", "pk": 30, "fields": {"name": "Can change friend request", "content_type": 8, "codename": "change_friendrequest"}}, {"model": "auth.permission", "pk": 31, "fields": {"name": "Can delete friend request", "content_type": 8, "codename": "delete_friendrequest"}}, {"model": "auth.permission", "pk": 32, "fields": {"name": "Can view friend request", "content_type": 8, "codename": "view_friendrequest"}}, {"model": "auth.permission", "pk": 33, "fields": {"name": "Can add post", "content_type": 9, "codename": "add_post"}}, {"model": "auth.permission", "pk": 34, "fields": {"name": "Can change post", "content_type": 9, "codename": "change_post"}}, {"model": "auth.permission", "pk": 35, "fields": {"name": "Can delete post", "content_type": 9, "codename": "delete_post"}}, {"model": "auth.permission", "pk": 36, "fields": {"name": "Can view post", "content_type": 9, "codename": "view_post"}}, {"model": "auth.permission", "pk": 37, "fields": {"name": "Can add comment", "content_type": 10, "codename": "add_comment"}}, {"model": "auth.permission", "pk": 38, "fields": {"name": "Can change comment", "content_type": 10, "codename": "change_comment"}}, {"model": "auth.permission", "pk": 39, "fields": {"name": "Can delete comment", "content_type": 10, "codename": "delete_comment"}}, {"model": "auth.permission", "pk": 40, "fields": {"name": "Can view comment", "content_type": 10, "codename": "view_comment"}}, {"model": "auth.permission", "pk": 41, "fields": {"name": "Can add course", "content_type": 11, "codename": "add_course"}}, {"model": "auth.permission", "pk": 42, "fields": {"name": "Can change course", "content_type": 11, "codename": "change_course"}}, {"model": "auth.permission", "pk": 43, "fields": {"name": "Can delete course", "content_type": 11, "codename": "delete_course"}}, {"model": "auth.permission", "pk": 44, "fields": {"name": "Can view course", "content_type": 11, "codename": "view_course"}}, {"model": "auth.permission", "pk": 45, "fields": {"name": "Can add images", "content_type": 12, "codename": "add_images"}}, {"model": "auth.permission", "pk": 46, "fields": {"name": "Can change images", "content_type": 12, "codename": "change_images"}}, {"model": "auth.permission", "pk": 47, "fields": {"name": "Can delete images", "content_type": 12, "codename": "delete_images"}}, {"model": "auth.permission", "pk": 48, "fields": {"name": "Can view images", "content_type": 12, "codename": "view_images"}}, {"model": "auth.permission", "pk": 49, "fields": {"name": "Can add review", "content_type": 13, "codename": "add_review"}}, {"model": "auth.permission", "pk": 50, "fields": {"name": "Can change review", "content_type": 13, "codename": "change_review"}}, {"model": "auth.permission", "pk": 51, "fields": {"name": "Can delete review", "content_type": 13, "codename": "delete_review"}}, {"model": "auth.permission", "pk": 52, "fields": {"name": "Can view review", "content_type": 13, "codename": "view_review"}}, {"model": "main.profile", "pk": 1, "fields": {"password": "pbkdf2_sha256$180000$rg33TPyF81mM$Qh4yHzxGVCYIvN7u2n6BSV5RVmovYdIegea40r6hqKc=", "last_login": "2020-05-09T04:16:23.605Z", "is_superuser": false, "username": "squishy", "first_name": "Squishy", "last_name": "sssss", "email": "ssssss@gmail.com", "is_staff": false, "is_active": true, "date_joined": "2020-03-07T19:27:40.200Z", "bio": "", "university": "ergegergeg", "program": "", "image": "default.jpg", "groups": [], "user_permissions": [], "friends": [], "courses": [11, 12, 14, 15]}}, {"model": "main.profile", "pk": 2, "fields": {"password": "pbkdf2_sha256$180000$Q9oOiLAKZi8S$tyv7zlBvEkgsJFTcPBXCCMFAAuVbNYp1lmgCWOvg3Ps=", "last_login": null, "is_superuser": false, "username": "squishy4", "first_name": "tester2", "last_name": "tester2", "email": "tester2@gmail.com", "is_staff": false, "is_active": true, "date_joined": "2020-03-08T19:04:04.199Z", "bio": "", "university": "tester2", "program": "", "image": "profile_image/profile_default.png", "groups": [], "user_permissions": [], "friends": [], "courses": []}}, {"model": "main.profile", "pk": 3, "fields": {"password": "pbkdf2_sha256$180000$KKUybH1XX4mw$QogE8UUnqHi0DprG7k9lux+cQ51aMP70+o4IwFyPRt8=", "last_login": "2020-03-08T19:19:17.070Z", "is_superuser": false, "username": "tester1", "first_name": "tester1", "last_name": "tester1", "email": "tester1@test.com", "is_staff": false, "is_active": true, "date_joined": "2020-03-08T19:10:58.073Z", "bio": "", "university": "tester", "program": "", "image": "profile_image/profile_default.png", "groups": [], "user_permissions": [], "friends": [], "courses": []}}, {"model": "main.profile", "pk": 4, "fields": {"password": "pbkdf2_sha256$180000$f1J4bF4fO78l$bxhbeYXWg7OyZB+4MzErOwUZtqAYNxq7gmGMuYh57HQ=", "last_login": "2020-04-11T05:39:52.196Z", "is_superuser": false, "username": "testuser", "first_name": "Test", "last_name": "User", "email": "testuser@test.com", "is_staff": false, "is_active": true, "date_joined": "2020-04-11T05:39:42.622Z", "bio": "", "university": "Test University", "program": "", "image": "profile_image/profile_default.png", "groups": [], "user_permissions": [], "friends": [], "courses": []}}, {"model": "home.post", "pk": 77, "fields": {"title": "Hi again", "guid_url": "GWPEpQPp7Jk", "content": "Lol 2", "author": 1, "date_posted": "2020-04-09T19:28:19.661Z", "last_edited": "2020-05-03T21:18:08.901Z", "likes": []}}, {"model": "home.post", "pk": 80, "fields": {"title": "lolol", "guid_url": "UUHEbdY0d6U", "content": "lololololololol", "author": 1, "date_posted": "2020-05-01T19:29:47.997Z", "last_edited": "2020-05-01T19:29:47.997Z", "likes": []}}, {"model": "home.post", "pk": 81, "fields": {"title": "Testing 123", "guid_url": "fTb56efXLU8", "content": "My first image", "author": 1, "date_posted": "2020-05-01T19:33:43.468Z", "last_edited": "2020-05-01T19:33:43.468Z", "likes": []}}, {"model": "home.post", "pk": 82, "fields": {"title": "testing for duplicates", "guid_url": "WWzcASrM-m0", "content": "hii", "author": 1, "date_posted": "2020-05-01T19:37:48.268Z", "last_edited": "2020-05-01T19:37:48.269Z", "likes": []}}, {"model": "home.post", "pk": 85, "fields": {"title": "Testing likes", "guid_url": "GIWR_LeA7fw", "content": "What's up part 4", "author": 1, "date_posted": "2020-05-01T23:47:19.051Z", "last_edited": "2020-05-05T23:24:26.065Z", "likes": []}}, {"model": "home.post", "pk": 97, "fields": {"title": "Damn its done", "guid_url": "hVHHb5ZcE-4", "content": "What'a poppin", "author": 1, "date_posted": "2020-05-03T21:18:25.676Z", "last_edited": "2020-05-05T23:23:22.442Z", "likes": []}}, {"model": "home.comment", "pk": 20, "fields": {"post": 77, "name": 1, "body": "Hii", "created_on": "2020-04-10T01:43:08.070Z", "active": false, "reply": null, "likes": []}}, {"model": "home.comment", "pk": 21, "fields": {"post": 77, "name": 1, "body": "Lol", "created_on": "2020-04-10T01:58:23.039Z", "active": false, "reply": null, "likes": []}}, {"model": "home.comment", "pk": 22, "fields": {"post": 77, "name": 1, "body": "Hello", "created_on": "2020-04-12T00:59:49.252Z", "active": false, "reply": null, "likes": []}}, {"model": "home.comment", "pk": 23, "fields": {"post": 77, "name": 1, "body": "Hello", "created_on": "2020-04-12T00:59:50.771Z", "active": false, "reply": null, "likes": [1]}}, {"model": "home.comment", "pk": 24, "fields": {"post": 77, "name": 1, "body": "What cool", "created_on": "2020-04-12T02:24:48.864Z", "active": false, "reply": null, "likes": [1]}}, {"model": "home.comment", "pk": 25, "fields": {"post": 77, "name": 1, "body": "What cool", "created_on": "2020-04-12T02:24:56.567Z", "active": false, "reply": null, "likes": []}}, {"model": "home.comment", "pk": 26, "fields": {"post": 77, "name": 1, "body": "What cool", "created_on": "2020-04-12T02:25:47.421Z", "active": false, "reply": null, "likes": []}}, {"model": "home.comment", "pk": 27, "fields": {"post": 77, "name": 1, "body": "What cool", "created_on": "2020-04-12T02:33:11.873Z", "active": false, "reply": null, "likes": []}}, {"model": "home.comment", "pk": 28, "fields": {"post": 77, "name": 1, "body": "What cool", "created_on": "2020-04-12T02:33:18.063Z", "active": false, "reply": null, "likes": []}}, {"model": "home.comment", "pk": 29, "fields": {"post": 77, "name": 1, "body": "What cool", "created_on": "2020-04-12T02:33:51.783Z", "active": false, "reply": null, "likes": []}}, {"model": "home.comment", "pk": 30, "fields": {"post": 77, "name": 1, "body": "cool", "created_on": "2020-04-12T02:34:02.616Z", "active": false, "reply": null, "likes": []}}, {"model": "home.comment", "pk": 31, "fields": {"post": 77, "name": 1, "body": "cool", "created_on": "2020-04-12T02:39:54.176Z", "active": false, "reply": 20, "likes": []}}, {"model": "home.comment", "pk": 32, "fields": {"post": 77, "name": 1, "body": "cool", "created_on": "2020-04-12T02:41:27.858Z", "active": false, "reply": 20, "likes": []}}, {"model": "home.comment", "pk": 33, "fields": {"post": 77, "name": 1, "body": "cool", "created_on": "2020-04-12T02:41:33.269Z", "active": false, "reply": 20, "likes": []}}, {"model": "home.comment", "pk": 34, "fields": {"post": 77, "name": 1, "body": "cool", "created_on": "2020-04-12T02:41:37.169Z", "active": false, "reply": 20, "likes": []}}, {"model": "home.comment", "pk": 35, "fields": {"post": 77, "name": 1, "body": "cool", "created_on": "2020-04-12T02:41:51.723Z", "active": false, "reply": 20, "likes": []}}, {"model": "home.comment", "pk": 54, "fields": {"post": 77, "name": 1, "body": "hi", "created_on": "2020-04-13T02:42:25.366Z", "active": false, "reply": null, "likes": []}}, {"model": "home.comment", "pk": 55, "fields": {"post": 77, "name": 1, "body": "wow it's amazing!", "created_on": "2020-04-13T02:52:09.878Z", "active": false, "reply": 24, "likes": []}}, {"model": "home.comment", "pk": 56, "fields": {"post": 77, "name": 1, "body": "hello", "created_on": "2020-04-13T02:58:30.849Z", "active": false, "reply": 21, "likes": []}}, {"model": "home.comment", "pk": 57, "fields": {"post": 77, "name": 1, "body": "testing", "created_on": "2020-04-13T03:05:10.287Z", "active": false, "reply": 26, "likes": []}}, {"model": "home.comment", "pk": 58, "fields": {"post": 77, "name": 1, "body": "testing", "created_on": "2020-04-13T03:09:04.556Z", "active": false, "reply": null, "likes": []}}, {"model": "home.comment", "pk": 91, "fields": {"post": 77, "name": 1, "body": "new reply", "created_on": "2020-04-29T19:43:17.381Z", "active": false, "reply": 24, "likes": []}}, {"model": "home.comment", "pk": 92, "fields": {"post": 77, "name": 1, "body": "Hello replying to reply", "created_on": "2020-04-30T04:29:29.410Z", "active": false, "reply": 56, "likes": []}}, {"model": "home.comment", "pk": 93, "fields": {"post": 77, "name": 1, "body": "New comment", "created_on": "2020-04-30T16:12:58.054Z", "active": false, "reply": null, "likes": []}}, {"model": "home.comment", "pk": 94, "fields": {"post": 77, "name": 1, "body": "New comment", "created_on": "2020-04-30T16:13:31.796Z", "active": false, "reply": null, "likes": []}}, {"model": "home.comment", "pk": 95, "fields": {"post": 77, "name": 1, "body": "New comment", "created_on": "2020-04-30T16:16:38.189Z", "active": false, "reply": null, "likes": []}}, {"model": "home.comment", "pk": 96, "fields": {"post": 77, "name": 1, "body": "Hi", "created_on": "2020-04-30T16:18:38.175Z", "active": false, "reply": null, "likes": []}}, {"model": "home.comment", "pk": 97, "fields": {"post": 77, "name": 1, "body": "Hi", "created_on": "2020-04-30T16:21:29.070Z", "active": false, "reply": null, "likes": []}}, {"model": "home.comment", "pk": 98, "fields": {"post": 77, "name": 1, "body": "lol", "created_on": "2020-04-30T16:22:56.551Z", "active": false, "reply": null, "likes": []}}, {"model": "home.comment", "pk": 99, "fields": {"post": 77, "name": 1, "body": "hi", "created_on": "2020-04-30T16:25:53.866Z", "active": false, "reply": null, "likes": []}}, {"model": "home.comment", "pk": 100, "fields": {"post": 77, "name": 1, "body": "Hi", "created_on": "2020-04-30T16:29:46.320Z", "active": false, "reply": null, "likes": []}}, {"model": "home.comment", "pk": 101, "fields": {"post": 77, "name": 1, "body": "hi", "created_on": "2020-04-30T16:31:45.713Z", "active": false, "reply": null, "likes": []}}, {"model": "home.comment", "pk": 102, "fields": {"post": 77, "name": 1, "body": "testing again", "created_on": "2020-04-30T16:34:05.872Z", "active": false, "reply": null, "likes": []}}, {"model": "home.comment", "pk": 103, "fields": {"post": 77, "name": 1, "body": "lol", "created_on": "2020-04-30T16:35:43.495Z", "active": false, "reply": null, "likes": []}}, {"model": "home.comment", "pk": 104, "fields": {"post": 77, "name": 1, "body": "hi", "created_on": "2020-04-30T16:39:44.980Z", "active": false, "reply": 22, "likes": []}}, {"model": "home.comment", "pk": 105, "fields": {"post": 77, "name": 1, "body": "hi", "created_on": "2020-04-30T16:46:35.689Z", "active": false, "reply": null, "likes": []}}, {"model": "home.comment", "pk": 106, "fields": {"post": 77, "name": 1, "body": "testing using new", "created_on": "2020-04-30T16:47:24.738Z", "active": false, "reply": null, "likes": []}}, {"model": "home.comment", "pk": 112, "fields": {"post": 77, "name": 1, "body": "im covering my earyss", "created_on": "2020-04-30T17:30:09.169Z", "active": false, "reply": null, "likes": []}}, {"model": "home.comment", "pk": 113, "fields": {"post": 77, "name": 1, "body": "lolololololol", "created_on": "2020-04-30T17:31:36.902Z", "active": false, "reply": null, "likes": []}}, {"model": "home.comment", "pk": 114, "fields": {"post": 77, "name": 1, "body": "no", "created_on": "2020-04-30T17:56:40.254Z", "active": false, "reply": null, "likes": []}}, {"model": "home.comment", "pk": 115, "fields": {"post": 77, "name": 1, "body": "noooooooooo", "created_on": "2020-04-30T17:58:57.254Z", "active": false, "reply": null, "likes": []}}, {"model": "home.comment", "pk": 116, "fields": {"post": 77, "name": 1, "body": "no", "created_on": "2020-04-30T18:00:02.995Z", "active": false, "reply": null, "likes": []}}, {"model": "home.comment", "pk": 117, "fields": {"post": 77, "name": 1, "body": "lolololol", "created_on": "2020-04-30T18:01:59.419Z", "active": false, "reply": null, "likes": []}}, {"model": "home.comment", "pk": 121, "fields": {"post": 77, "name": 1, "body": "hi", "created_on": "2020-04-30T18:34:48.224Z", "active": false, "reply": null, "likes": []}}, {"model": "home.comment", "pk": 122, "fields": {"post": 77, "name": 1, "body": "hihihihi", "created_on": "2020-04-30T18:43:09.876Z", "active": false, "reply": 23, "likes": []}}, {"model": "home.comment", "pk": 123, "fields": {"post": 77, "name": 1, "body": "lololol", "created_on": "2020-04-30T18:45:14.053Z", "active": false, "reply": 25, "likes": []}}, {"model": "home.comment", "pk": 124, "fields": {"post": 77, "name": 1, "body": "lololol", "created_on": "2020-04-30T18:46:01.956Z", "active": false, "reply": 27, "likes": []}}, {"model": "home.comment", "pk": 125, "fields": {"post": 77, "name": 1, "body": "nope", "created_on": "2020-04-30T18:47:56.050Z", "active": false, "reply": 22, "likes": []}}, {"model": "home.comment", "pk": 126, "fields": {"post": 77, "name": 1, "body": "sgaiknasgrhsgn", "created_on": "2020-04-30T18:49:01.807Z", "active": false, "reply": 20, "likes": []}}, {"model": "home.comment", "pk": 127, "fields": {"post": 77, "name": 1, "body": "sgaiknasgrhsgn", "created_on": "2020-04-30T18:49:01.880Z", "active": false, "reply": 20, "likes": []}}, {"model": "home.comment", "pk": 128, "fields": {"post": 77, "name": 1, "body": "sgaiknasgrhsgn", "created_on": "2020-04-30T18:49:01.910Z", "active": false, "reply": 20, "likes": []}}, {"model": "home.comment", "pk": 129, "fields": {"post": 77, "name": 1, "body": "sgaiknasgrhsgn", "created_on": "2020-04-30T18:49:04.131Z", "active": false, "reply": 20, "likes": []}}, {"model": "home.comment", "pk": 130, "fields": {"post": 77, "name": 1, "body": "sgaiknasgrhsgn", "created_on": "2020-04-30T18:49:04.150Z", "active": false, "reply": 20, "likes": []}}, {"model": "home.comment", "pk": 131, "fields": {"post": 77, "name": 1, "body": "sgaiknasgrhsgn", "created_on": "2020-04-30T18:49:04.152Z", "active": false, "reply": 20, "likes": []}}, {"model": "home.comment", "pk": 132, "fields": {"post": 77, "name": 1, "body": "lol", "created_on": "2020-04-30T18:51:54.992Z", "active": false, "reply": 20, "likes": []}}, {"model": "home.comment", "pk": 133, "fields": {"post": 77, "name": 1, "body": "lol", "created_on": "2020-04-30T18:52:11.460Z", "active": false, "reply": null, "likes": []}}, {"model": "home.comment", "pk": 134, "fields": {"post": 77, "name": 1, "body": "ewith ajacx", "created_on": "2020-04-30T18:53:37.830Z", "active": false, "reply": null, "likes": []}}, {"model": "home.comment", "pk": 135, "fields": {"post": 77, "name": 1, "body": "lol", "created_on": "2020-04-30T18:54:42.999Z", "active": false, "reply": null, "likes": []}}, {"model": "home.comment", "pk": 136, "fields": {"post": 77, "name": 1, "body": "nope", "created_on": "2020-04-30T19:05:19.929Z", "active": false, "reply": null, "likes": []}}, {"model": "home.comment", "pk": 137, "fields": {"post": 77, "name": 1, "body": "hiiii", "created_on": "2020-04-30T19:13:28.808Z", "active": false, "reply": null, "likes": []}}, {"model": "home.comment", "pk": 139, "fields": {"post": 77, "name": 1, "body": "hiiii", "created_on": "2020-04-30T19:21:42.157Z", "active": false, "reply": null, "likes": []}}, {"model": "home.comment", "pk": 141, "fields": {"post": 77, "name": 1, "body": "lololol", "created_on": "2020-04-30T19:36:04.317Z", "active": false, "reply": null, "likes": []}}, {"model": "home.comment", "pk": 142, "fields": {"post": 77, "name": 1, "body": "hi", "created_on": "2020-04-30T22:30:51.174Z", "active": false, "reply": null, "likes": []}}, {"model": "home.comment", "pk": 143, "fields": {"post": 77, "name": 1, "body": "lol", "created_on": "2020-04-30T22:32:52.591Z", "active": false, "reply": null, "likes": []}}, {"model": "home.comment", "pk": 144, "fields": {"post": 77, "name": 1, "body": "lol", "created_on": "2020-04-30T22:33:16.366Z", "active": false, "reply": null, "likes": []}}, {"model": "home.comment", "pk": 145, "fields": {"post": 77, "name": 1, "body": "lol", "created_on": "2020-04-30T22:33:29.179Z", "active": false, "reply": null, "likes": []}}, {"model": "home.comment", "pk": 146, "fields": {"post": 77, "name": 1, "body": "lolololol", "created_on": "2020-04-30T22:43:08.819Z", "active": false, "reply": null, "likes": []}}, {"model": "home.comment", "pk": 147, "fields": {"post": 77, "name": 1, "body": "lololol", "created_on": "2020-04-30T22:43:21.318Z", "active": false, "reply": null, "likes": []}}, {"model": "home.comment", "pk": 148, "fields": {"post": 77, "name": 1, "body": "new reply", "created_on": "2020-04-30T22:46:55.730Z", "active": false, "reply": 21, "likes": []}}, {"model": "home.comment", "pk": 149, "fields": {"post": 77, "name": 1, "body": "lol", "created_on": "2020-04-30T22:50:55.533Z", "active": false, "reply": null, "likes": []}}, {"model": "home.comment", "pk": 150, "fields": {"post": 77, "name": 1, "body": "lol", "created_on": "2020-04-30T22:51:48.640Z", "active": false, "reply": 97, "likes": []}}, {"model": "home.comment", "pk": 157, "fields": {"post": 77, "name": 1, "body": "My new comment with context", "created_on": "2020-05-01T00:40:56.014Z", "active": false, "reply": null, "likes": []}}, {"model": "home.comment", "pk": 163, "fields": {"post": 77, "name": 1, "body": "lol", "created_on": "2020-05-01T15:31:25.174Z", "active": false, "reply": null, "likes": []}}, {"model": "home.comment", "pk": 188, "fields": {"post": 77, "name": 1, "body": "lets comments", "created_on": "2020-05-03T22:52:27.629Z", "active": false, "reply": null, "likes": []}}, {"model": "home.comment", "pk": 189, "fields": {"post": 77, "name": 1, "body": "my reply", "created_on": "2020-05-03T22:52:41.254Z", "active": false, "reply": 21, "likes": []}}, {"model": "home.comment", "pk": 190, "fields": {"post": 77, "name": 1, "body": "lolololo", "created_on": "2020-05-03T22:56:13.540Z", "active": false, "reply": null, "likes": []}}, {"model": "home.comment", "pk": 191, "fields": {"post": 77, "name": 1, "body": "lets reply", "created_on": "2020-05-03T22:56:28.393Z", "active": false, "reply": 100, "likes": []}}, {"model": "home.comment", "pk": 192, "fields": {"post": 77, "name": 1, "body": "lololo", "created_on": "2020-05-03T22:57:19.610Z", "active": false, "reply": 101, "likes": []}}, {"model": "home.comment", "pk": 193, "fields": {"post": 77, "name": 1, "body": "hahahaha", "created_on": "2020-05-03T22:58:56.977Z", "active": false, "reply": 101, "likes": []}}, {"model": "home.comment", "pk": 194, "fields": {"post": 97, "name": 1, "body": "hahaha", "created_on": "2020-05-03T22:59:56.979Z", "active": false, "reply": null, "likes": [1]}}, {"model": "home.comment", "pk": 195, "fields": {"post": 97, "name": 1, "body": "hahaha", "created_on": "2020-05-03T23:00:03.523Z", "active": false, "reply": 194, "likes": []}}, {"model": "home.comment", "pk": 196, "fields": {"post": 97, "name": 1, "body": "hahahahah", "created_on": "2020-05-03T23:02:05.538Z", "active": false, "reply": 194, "likes": []}}, {"model": "home.comment", "pk": 197, "fields": {"post": 97, "name": 1, "body": "lololol", "created_on": "2020-05-03T23:03:08.980Z", "active": false, "reply": 194, "likes": []}}, {"model": "home.comment", "pk": 198, "fields": {"post": 97, "name": 1, "body": "hahahah", "created_on": "2020-05-03T23:03:14.330Z", "active": false, "reply": null, "likes": []}}, {"model": "home.comment", "pk": 199, "fields": {"post": 97, "name": 1, "body": "hahah", "created_on": "2020-05-03T23:03:18.655Z", "active": false, "reply": 198, "likes": []}}, {"model": "home.review", "pk": 1, "fields": {"author": 1, "body": "Hi I really enjoyed this course", "created_on": "2020-05-08T01:35:55.417Z", "likes": []}}, {"model": "home.review", "pk": 2, "fields": {"author": 1, "body": "Hi my name is Jana and I really like this course", "created_on": "2020-05-08T01:39:33.596Z", "likes": []}}, {"model": "home.review", "pk": 3, "fields": {"author": 1, "body": "I really like this course", "created_on": "2020-05-08T04:46:43.830Z", "likes": []}}, {"model": "home.review", "pk": 4, "fields": {"author": 1, "body": "My latest comment", "created_on": "2020-05-08T04:53:23.177Z", "likes": []}}, {"model": "home.review", "pk": 5, "fields": {"author": 1, "body": "So hi how is this course?", "created_on": "2020-05-08T04:57:42.166Z", "likes": []}}, {"model": "home.review", "pk": 6, "fields": {"author": 1, "body": "Brilliant", "created_on": "2020-05-08T16:43:03.885Z", "likes": []}}, {"model": "home.review", "pk": 7, "fields": {"author": 1, "body": "This wasnt a bad course", "created_on": "2020-05-09T04:23:51.321Z", "likes": []}}, {"model": "home.course", "pk": 8, "fields": {"course_code": "CPS890", "course_university": "uoft", "course_instructor": "hemsworth", "course_year": 2018, "course_semester": "1", "course_difficulty": "1", "course_likes": [], "course_dislikes": [], "course_reviews": []}}, {"model": "home.course", "pk": 9, "fields": {"course_code": "CPS890", "course_university": "ryerson", "course_instructor": "merriams", "course_year": 2019, "course_semester": "4", "course_difficulty": "1", "course_likes": [], "course_dislikes": [], "course_reviews": []}}, {"model": "home.course", "pk": 10, "fields": {"course_code": "CPS890", "course_university": "ryerson", "course_instructor": "james", "course_year": 2020, "course_semester": "2", "course_difficulty": "3", "course_likes": [], "course_dislikes": [], "course_reviews": []}}, {"model": "home.course", "pk": 11, "fields": {"course_code": "HST403", "course_university": "ryerson", "course_instructor": "jackson", "course_year": 2020, "course_semester": "3", "course_difficulty": "3", "course_likes": [], "course_dislikes": [], "course_reviews": []}}, {"model": "home.course", "pk": 12, "fields": {"course_code": "DHET124", "course_university": "ryerson", "course_instructor": "jackson", "course_year": 2018, "course_semester": "4", "course_difficulty": "4", "course_likes": [], "course_dislikes": [], "course_reviews": [6, 5, 4, 3, 2]}}, {"model": "home.course", "pk": 13, "fields": {"course_code": "HST403", "course_university": "jackson", "course_instructor": "ryerson", "course_year": 2018, "course_semester": "4", "course_difficulty": "3", "course_likes": [], "course_dislikes": [], "course_reviews": []}}, {"model": "home.course", "pk": 14, "fields": {"course_code": "HST403", "course_university": "ryerson", "course_instructor": "jackson", "course_year": 2018, "course_semester": "4", "course_difficulty": "3", "course_likes": [], "course_dislikes": [], "course_reviews": [7]}}, {"model": "home.course", "pk": 15, "fields": {"course_code": "HST403", "course_university": "ryerson", "course_instructor": "jackson", "course_year": 2016, "course_semester": "1", "course_difficulty": "2", "course_likes": [], "course_dislikes": [], "course_reviews": []}}]